competitionId,competitionName,seasonId,seasonName,clubId,clubName,clubimageurl,transferkpi,estimated,intangibleAssets,tangibleAssets,financialAssets,inventory,shortTermCredit,longTermCredit,cashAndCashEquivalents,otherAssets,totalAssets,capital,shortTermDebt,longTermDebt,reservesAndProvisions,retainedEarnings,otherLiabilities,totalLiabilities,matchdays,broadcasting,commercial,revenuesFromPlayerTrading,otherIncome,totalRevenues,amortizationsAndDeprecations,personnel,costsFromPlayerTrading,otherExpenses,totalCosts,totalOperationalResult,netResultFromPlayerTrading,earningsBeforeInterestAndTaxes,financialResult,earningsBeforeTaxes,taxes,netProfit
561,Premier League,862,2024/2025,1255,Arsenal,https://cdn5.wyscout.com/photos/team/public/21_120x120.png,22.7,false,438909000.0,426581000.0,,26052000.0,126096000.0,53220000.0,61593000.0,,1132451000.0,68000.0,442850000.0,486757000.0,132006000.0,70772000.0,,1132453000.0,169239000.0,299412000.0,289512000.0,,1934000.0,760097000.0,227311000.0,381484000.0,,222691000.0,831486000.0,-71389000.0,89361000.0,17972000.0,-19456000.0,-1484000.0,-32000.0,-1516000.0
561,Premier League,862,2024/2025,1281,Aston Villa,https://cdn5.wyscout.com/photos/team/public/32_120x120.png,16.8,false,300689000.0,144237000.0,,4689000.0,327056000.0,127873000.0,9011000.0,,913555000.0,553551000.0,337054000.0,201839000.0,718360000.0,-897250000.0,,913554000.0,44871000.0,199218000.0,115139000.0,,214597000.0,573825000.0,135638000.0,319016000.0,,149625000.0,604279000.0,-30454000.0,60659000.0,30205000.0,-10330000.0,19875000.0,,19875000.0
561,Premier League,862,2024/2025,1423,Bournemouth,https://cdn5.wyscout.com/photos/team/public/1173_120x120.png,29.7,false,244445000.0,62125000.0,,800000.0,50613000.0,71921000.0,51960000.0,,481864000.0,333240000.0,163382000.0,170484000.0,81000.0,-185323000.0,,481864000.0,7412000.0,162799000.0,21973000.0,,26842000.0,219026000.0,79369000.0,174264000.0,,34409000.0,288042000.0,-69016000.0,100119000.0,31103000.0,-14726000.0,16377000.0,,16377000.0
561,Premier League,862,2024/2025,1444,Brentford,https://cdn5.wyscout.com/photos/team/public/1186_120x120.png,19.5,false,202431000.0,133037000.0,,1691000.0,45471000.0,26665000.0,2175000.0,,411470000.0,42336000.0,226248000.0,106292000.0,42621000.0,-6027000.0,,411470000.0,13614000.0,153502000.0,21293000.0,,22861000.0,211270000.0,65188000.0,143856000.0,,46222000.0,255266000.0,-43996000.0,29960000.0,-14036000.0,-8543000.0,-22579000.0,3144000.0,-19435000.0
561,Premier League,862,2024/2025,1461,Brighton,https://cdn5.wyscout.com/photos/team/public/1169_120x120.png,33,false,317801000.0,4238000.0,,3721000.0,203919000.0,17787000.0,43820000.0,,591286000.0,116000.0,543793000.0,67737000.0,12076000.0,-32435000.0,,591287000.0,30287000.0,165702000.0,24655000.0,,28025000.0,248669000.0,91575000.0,174547000.0,,79585000.0,345707000.0,-97038000.0,62602000.0,-34436000.0,-770000.0,-35206000.0,3740000.0,-31466000.0
561,Premier League,862,2024/2025,1570,Chelsea,https://cdn5.wyscout.com/photos/team/public/25_120x120.png,36.7,false,1221579000.0,164073000.0,3251000.0,2252000.0,280003000.0,69227000.0,57191000.0,,1797576000.0,2509000.0,515268000.0,236123000.0,2523580000.0,-1479904000.0,,1797576000.0,101247000.0,237159000.0,234399000.0,,583000.0,573388000.0,278328000.0,419244000.0,,238903000.0,936475000.0,-363087000.0,67573000.0,-295514000.0,-10745000.0,-306259000.0,-237000.0,-306496000.0
561,Premier League,862,2024/2025,1680,Crystal Palace,https://cdn5.wyscout.com/photos/team/public/313_120x120.png,13.9,false,187196000.0,63850000.0,,463000.0,30553000.0,,15978000.0,,298040000.0,107838000.0,266705000.0,62659000.0,74059000.0,-213221000.0,,298040000.0,18077000.0,166052000.0,35136000.0,,8645000.0,227910000.0,67182000.0,169765000.0,,41003000.0,277950000.0,-50040000.0,77110000.0,27070000.0,-17651000.0,9419000.0,-773000.0,8646000.0
561,Premier League,862,2024/2025,1803,Everton,https://cdn5.wyscout.com/photos/team/public/37_120x120.png,9.2,false,113062000.0,951050000.0,,,103973000.0,4668000.0,92353000.0,,1265106000.0,1893000.0,334825000.0,470142000.0,1172831000.0,-714585000.0,,1265106000.0,23700000.0,150811000.0,55025000.0,,57373000.0,286909000.0,62448000.0,177451000.0,,78246000.0,318145000.0,-31236000.0,36555000.0,5319000.0,-15364000.0,-10045000.0,,-10045000.0
561,Premier League,862,2024/2025,1861,Fulham,https://cdn5.wyscout.com/photos/team/public/29_120x120.png,8.6,false,161918000.0,455504000.0,,592000.0,41693000.0,36858000.0,15884000.0,,712449000.0,204661000.0,129656000.0,195940000.0,164162000.0,,18031000.0,712450000.0,21017000.0,165223000.0,39943000.0,,1219000.0,227402000.0,77150000.0,194305000.0,,55731000.0,327186000.0,-99784000.0,47886000.0,-51898000.0,604000.0,-51294000.0,-665000.0,-51959000.0
561,Premier League,862,2024/2025,2034,Ipswich Town,https://cdn5.wyscout.com/photos/team/public/316_120x120.png,25.6,false,104451000.0,51522000.0,,2982000.0,22427000.0,,15037000.0,,196419000.0,74039000.0,72657000.0,49716000.0,80072000.0,-80066000.0,,196418000.0,12371000.0,118306000.0,40283000.0,,5025000.0,175985000.0,41806000.0,84855000.0,,56156000.0,182817000.0,-6832000.0,16940000.0,10108000.0,-5696000.0,4412000.0,,4412000.0
561,Premier League,862,2024/2025,2083,Leicester City,https://cdn5.wyscout.com/photos/team/public/326_120x120.png,12,false,137175000.0,230100000.0,,2818000.0,74001000.0,18357000.0,5208000.0,,467659000.0,502946000.0,244958000.0,89288000.0,68359000.0,-437891000.0,,467660000.0,23665000.0,136999000.0,54397000.0,,2816000.0,217877000.0,73559000.0,178464000.0,,45888000.0,297911000.0,-80034000.0,8481000.0,-71553000.0,-11445000.0,-82998000.0,-127000.0,-83125000.0
561,Premier League,862,2024/2025,2121,Liverpool,https://cdn5.wyscout.com/photos/team/public/24_120x120.png,12.7,false,367428000.0,343671000.0,,16742000.0,137383000.0,29150000.0,2795000.0,,897169000.0,191000.0,539589000.0,166780000.0,245812000.0,-55202000.0,,897170000.0,127150000.0,290025000.0,355819000.0,,14181000.0,787175000.0,144991000.0,470500000.0,,204142000.0,819633000.0,-32458000.0,58595000.0,26137000.0,-9404000.0,16733000.0,-7633000.0,9100000.0
561,Premier League,862,2024/2025,2175,Manchester City,https://cdn5.wyscout.com/photos/team/public/23_120x120.png,25.5,false,719407000.0,629103000.0,,,606338000.0,37459000.0,191096000.0,,2183403000.0,1473533000.0,773795000.0,465397000.0,52934000.0,-582255000.0,,2183404000.0,82592000.0,306490000.0,374421000.0,,3119000.0,766622000.0,203234000.0,449243000.0,,216777000.0,869254000.0,-102632000.0,104731000.0,2099000.0,-13006000.0,-10907000.0,,-10907000.0
561,Premier League,862,2024/2025,2188,Manchester United,https://cdn5.wyscout.com/photos/team/public/22_120x120.png,26.5,false,1070962000.0,321567000.0,21376000.0,14359000.0,202826000.0,731823000.0,94632000.0,519000.0,2458064000.0,234476000.0,843074000.0,760131000.0,539882000.0,73900000.0,6602000.0,2458065000.0,176289000.0,190275000.0,366601000.0,,8152000.0,741317000.0,274942000.0,382281000.0,,149326000.0,806549000.0,-65232000.0,53616000.0,-11616000.0,-21856000.0,-33472000.0,5653000.0,-27819000.0
561,Premier League,862,2024/2025,2263,Newcastle United,https://cdn5.wyscout.com/photos/team/public/36_120x120.png,21.3,false,328048000.0,38323000.0,4000.0,5669000.0,294458000.0,26829000.0,14585000.0,,707916000.0,29539000.0,286843000.0,42042000.0,536809000.0,-187317000.0,,707916000.0,59582000.0,187761000.0,126439000.0,,3287000.0,377069000.0,116500000.0,281636000.0,,109825000.0,507961000.0,-130892000.0,23187000.0,-107705000.0,139251000.0,31546000.0,-9677000.0,21869000.0
561,Premier League,862,2024/2025,2304,Nottingham Forest,https://cdn5.wyscout.com/photos/team/public/1113_120x120.png,19.3,false,196769000.0,35763000.0,,2100000.0,82251000.0,,14546000.0,,331429000.0,322706000.0,177299000.0,159859000.0,92741000.0,-421175000.0,,331430000.0,22276000.0,174460000.0,42362000.0,,4822000.0,243920000.0,83709000.0,183316000.0,,48315000.0,315340000.0,-71420000.0,7719000.0,-63701000.0,-23112000.0,-86813000.0,,-86813000.0
561,Premier League,862,2024/2025,2550,Southampton,https://cdn5.wyscout.com/photos/team/public/308_120x120.png,17.1,false,136967000.0,27251000.0,,503000.0,26346000.0,3349000.0,10907000.0,,205323000.0,585000.0,282375000.0,53084000.0,36660000.0,-167380000.0,,205324000.0,24246000.0,133835000.0,22949000.0,,2788000.0,183818000.0,65460000.0,132982000.0,,58023000.0,256465000.0,-72647000.0,33185000.0,-39462000.0,-13390000.0,-52852000.0,581000.0,-52271000.0
561,Premier League,862,2024/2025,2689,Tottenham Hotspur,https://cdn5.wyscout.com/photos/team/public/26_120x120.png,24.5,false,483007000.0,2161414000.0,16000.0,16114000.0,63083000.0,48467000.0,23821000.0,111000.0,2796033000.0,13700000.0,602612000.0,1289194000.0,975808000.0,-89293000.0,4012000.0,2796033000.0,147587000.0,148194000.0,322893000.0,,40961000.0,659635000.0,237670000.0,298518000.0,,243600000.0,779788000.0,-120153000.0,61341000.0,-58812000.0,-81955000.0,-140767000.0,30296000.0,-110471000.0
561,Premier League,862,2024/2025,2771,West Ham United,https://cdn5.wyscout.com/photos/team/public/27_120x120.png,14,false,245467000.0,39010000.0,,2000000.0,22862000.0,15874000.0,464000.0,,325677000.0,6050000.0,456716000.0,99903000.0,19922000.0,-256913000.0,,325678000.0,42430000.0,145620000.0,60613000.0,,4286000.0,252949000.0,112211000.0,190669000.0,,70487000.0,373367000.0,-120418000.0,21949000.0,-98469000.0,-21259000.0,-119728000.0,639000.0,-119089000.0
561,Premier League,862,2024/2025,2833,Wolverhampton Wanderers,https://cdn5.wyscout.com/photos/team/public/319_120x120.png,12.5,false,195747000.0,5986000.0,,,98473000.0,137086000.0,39022000.0,,476314000.0,3501000.0,500346000.0,188659000.0,35628000.0,-251820000.0,,476314000.0,25400000.0,146558000.0,28728000.0,,1662000.0,202348000.0,89823000.0,189147000.0,,60259000.0,339229000.0,-136881000.0,136514000.0,-367000.0,-13205000.0,-13572000.0,,-13572000.0
561,Premier League,1773,2023/2024,1255,Arsenal,https://cdn5.wyscout.com/photos/team/public/21_120x120.png,31.6,false,535307000.0,427761000.0,,20791000.0,78445000.0,18751000.0,73501000.0,,1154556000.0,68000.0,459845000.0,501349000.0,120997000.0,72298000.0,,1154557000.0,144817000.0,288477000.0,240095000.0,,4849000.0,678238000.0,208186000.0,360604000.0,,164809000.0,733599000.0,-55361000.0,56180000.0,819000.0,-20275000.0,-19456000.0,,-19456000.0
561,Premier League,1773,2023/2024,1281,Aston Villa,https://cdn5.wyscout.com/photos/team/public/32_120x120.png,19.2,false,309902000.0,71220000.0,,73000.0,,140350000.0,58078000.0,9538000.0,589161000.0,418408000.0,290089000.0,68026000.0,677148000.0,-864511000.0,,589160000.0,30810000.0,187790000.0,69606000.0,,20683000.0,308889000.0,113016000.0,277254000.0,,78432000.0,468702000.0,-159813000.0,71184000.0,-88629000.0,-5854000.0,-94483000.0,538000.0,-93945000.0
561,Premier League,1773,2023/2024,1423,Bournemouth,https://cdn5.wyscout.com/photos/team/public/1173_120x120.png,22.1,false,242458000.0,41290000.0,,442000.0,10203000.0,,7814000.0,,302207000.0,159903000.0,215688000.0,128333000.0,13000.0,-201730000.0,,302207000.0,7184000.0,149194000.0,15028000.0,,15172000.0,186578000.0,69863000.0,149787000.0,,28629000.0,248279000.0,-61701000.0,276000.0,-61425000.0,-11342000.0,-72767000.0,,-72767000.0
561,Premier League,1773,2023/2024,1444,Brentford,https://cdn5.wyscout.com/photos/team/public/1186_120x120.png,14.8,false,153285000.0,132690000.0,,1383000.0,41043000.0,21577000.0,8217000.0,,358195000.0,42336000.0,176336000.0,79736000.0,46378000.0,13409000.0,,358195000.0,12475000.0,140250000.0,17632000.0,,18773000.0,189130000.0,48758000.0,125808000.0,,46705000.0,221271000.0,-32141000.0,27718000.0,-4423000.0,-4237000.0,-8660000.0,392000.0,-8268000.0
561,Premier League,1773,2023/2024,1461,Brighton,https://cdn5.wyscout.com/photos/team/public/1169_120x120.png,36.8,false,184686000.0,3200000.0,,631000.0,205956000.0,29087000.0,16463000.0,,440023000.0,116000.0,406413000.0,18648000.0,9000.0,-26156000.0,40994000.0,440024000.0,30494000.0,179826000.0,22207000.0,,13591000.0,246118000.0,44813000.0,156459000.0,,72986000.0,274258000.0,-28140000.0,121325000.0,93185000.0,3898000.0,97083000.0,-35411000.0,61672000.0
561,Premier League,1773,2023/2024,1503,Burnley,https://cdn5.wyscout.com/photos/team/public/318_120x120.png,21.1,false,133363000.0,12222000.0,,1067000.0,161915000.0,14773000.0,9801000.0,,333141000.0,85000.0,187785000.0,80880000.0,13063000.0,51328000.0,,333141000.0,9756000.0,121620000.0,15545000.0,,6928000.0,153849000.0,48875000.0,102762000.0,,31967000.0,183604000.0,-29755000.0,16565000.0,-13190000.0,-18657000.0,-31847000.0,4458000.0,-27389000.0
561,Premier League,1773,2023/2024,1570,Chelsea,https://cdn5.wyscout.com/photos/team/public/25_120x120.png,41.8,false,1138792000.0,169821000.0,3065000.0,1002000.0,363537000.0,313093000.0,39628000.0,,2028938000.0,2365000.0,912432000.0,241277000.0,1978952000.0,-1106090000.0,,2028936000.0,88132000.0,179411000.0,247792000.0,,219470000.0,734805000.0,225798000.0,371823000.0,,152755000.0,750376000.0,-15571000.0,167709000.0,152138000.0,-10898000.0,141240000.0,1327000.0,142567000.0
561,Premier League,1773,2023/2024,1680,Crystal Palace,https://cdn5.wyscout.com/photos/team/public/313_120x120.png,19.1,false,161279000.0,47364000.0,,943000.0,9991000.0,,9748000.0,,229325000.0,101651000.0,274956000.0,49240000.0,12615000.0,-209138000.0,,229324000.0,26374000.0,159996000.0,17463000.0,,4409000.0,208242000.0,54047000.0,145688000.0,,31990000.0,231725000.0,-23483000.0,1475000.0,-22008000.0,-14909000.0,-36917000.0,,-36917000.0
561,Premier League,1773,2023/2024,1803,Everton,https://cdn5.wyscout.com/photos/team/public/37_120x120.png,14.8,false,141981000.0,832081000.0,,,94624000.0,33401000.0,31204000.0,,1133291000.0,159000.0,427490000.0,502474000.0,916146000.0,-712979000.0,,1133290000.0,22609000.0,152597000.0,45512000.0,,,220718000.0,80679000.0,184970000.0,,64527000.0,330176000.0,-109458000.0,57328000.0,-52130000.0,-10722000.0,-62852000.0,,-62852000.0
561,Premier League,1773,2023/2024,1861,Fulham,https://cdn5.wyscout.com/photos/team/public/29_120x120.png,10.3,false,131534000.0,4578000.0,,479000.0,49074000.0,2562000.0,36045000.0,,224272000.0,21306000.0,150105000.0,15852000.0,,16005000.0,21003000.0,224271000.0,20231000.0,147957000.0,30567000.0,,6047000.0,204802000.0,64640000.0,170229000.0,,41262000.0,276131000.0,-71329000.0,36009000.0,-35320000.0,996000.0,-34324000.0,-1110000.0,-35434000.0
561,Premier League,1773,2023/2024,2121,Liverpool,https://cdn5.wyscout.com/photos/team/public/24_120x120.png,21.7,false,389077000.0,341452000.0,,25271000.0,130606000.0,16500000.0,8254000.0,,911160000.0,191000.0,559063000.0,177929000.0,238280000.0,-64303000.0,,911160000.0,111827000.0,224076000.0,339238000.0,,,675141000.0,142667000.0,424695000.0,,184422000.0,751784000.0,-76643000.0,24219000.0,-52424000.0,-10391000.0,-62815000.0,14989000.0,-47826000.0
561,Premier League,1773,2023/2024,2157,Luton Town,https://cdn5.wyscout.com/photos/team/public/789_120x120.png,6.5,false,24523000.0,1890000.0,,162000.0,13622000.0,8460000.0,1804000.0,,50461000.0,19960000.0,18692000.0,1100000.0,,10423000.0,285000.0,50460000.0,6809000.0,128265000.0,10480000.0,,248000.0,145802000.0,10815000.0,62569000.0,,19985000.0,93369000.0,52433000.0,1338000.0,53771000.0,643000.0,54414000.0,-8556000.0,45858000.0
561,Premier League,1773,2023/2024,2175,Manchester City,https://cdn5.wyscout.com/photos/team/public/23_120x120.png,36.3,false,571998000.0,501206000.0,,,504611000.0,49574000.0,59144000.0,,1686533000.0,1473533000.0,523116000.0,202307000.0,49509000.0,-571932000.0,,1676533000.0,83168000.0,324204000.0,379149000.0,,4901000.0,791422000.0,195498000.0,453830000.0,,208640000.0,857968000.0,-66546000.0,152910000.0,86364000.0,-5231000.0,81133000.0,,81133000.0
561,Premier League,1773,2023/2024,2188,Manchester United,https://cdn5.wyscout.com/photos/team/public/22_120x120.png,39.7,false,930335000.0,281730000.0,21684000.0,3897000.0,766010000.0,34835000.0,80493000.0,2527000.0,2121511000.0,146493000.0,565503000.0,769995000.0,529537000.0,101718000.0,8265000.0,2121511000.0,150847000.0,243920000.0,333164000.0,,11518000.0,739449000.0,232216000.0,404705000.0,,160373000.0,797294000.0,-57845000.0,41164000.0,-16681000.0,-23189000.0,-39870000.0,7711000.0,-32159000.0
561,Premier League,1773,2023/2024,2263,Newcastle United,https://cdn5.wyscout.com/photos/team/public/36_120x120.png,25.6,false,384957000.0,77829000.0,3000.0,3028000.0,160216000.0,24129000.0,16893000.0,,667055000.0,27844000.0,224736000.0,154460000.0,457201000.0,-197185000.0,,667056000.0,54865000.0,202164000.0,88288000.0,,3655000.0,348972000.0,107295000.0,239323000.0,,77648000.0,424266000.0,-75294000.0,76798000.0,1504000.0,-13521000.0,-12017000.0,-20000.0,-12037000.0
561,Premier League,1773,2023/2024,2304,Nottingham Forest,https://cdn5.wyscout.com/photos/team/public/1113_120x120.png,20.5,false,207304000.0,26278000.0,,697000.0,85346000.0,65783000.0,32000.0,,385440000.0,224729000.0,234436000.0,167915000.0,92741000.0,-334381000.0,,385440000.0,15849000.0,143021000.0,32602000.0,,17036000.0,208508000.0,69128000.0,183039000.0,,36920000.0,289087000.0,-80579000.0,110584000.0,30005000.0,-16695000.0,13310000.0,,13310000.0
561,Premier League,1773,2023/2024,2501,Sheffield United,https://cdn5.wyscout.com/photos/team/public/307_120x120.png,14.3,false,50991000.0,46821000.0,,487000.0,15070000.0,12923000.0,415000.0,,126707000.0,79693000.0,50368000.0,63767000.0,,-76084000.0,8963000.0,126707000.0,12648000.0,125764000.0,7987000.0,,5577000.0,151976000.0,25738000.0,70074000.0,,64354000.0,160166000.0,-8190000.0,21286000.0,13096000.0,-8809000.0,4287000.0,-1626000.0,2661000.0
561,Premier League,1773,2023/2024,2689,Tottenham Hotspur,https://cdn5.wyscout.com/photos/team/public/26_120x120.png,26.4,false,462528000.0,2050354000.0,6000.0,12565000.0,91417000.0,7530000.0,86871000.0,36000.0,2711307000.0,12597000.0,540800000.0,1260827000.0,697502000.0,19963000.0,179618000.0,2711307000.0,116432000.0,182501000.0,269218000.0,,12859000.0,581010000.0,224817000.0,244122000.0,,179191000.0,648130000.0,-67120000.0,90536000.0,23416000.0,-52049000.0,-28633000.0,-216000.0,-28849000.0
561,Premier League,1773,2023/2024,2771,West Ham United,https://cdn5.wyscout.com/photos/team/public/27_120x120.png,16.6,false,235344000.0,29527000.0,,3185000.0,63026000.0,62618000.0,36351000.0,,430051000.0,6050000.0,436293000.0,102528000.0,23004000.0,-137826000.0,,430049000.0,48188000.0,183724000.0,63108000.0,,7623000.0,302643000.0,94315000.0,174944000.0,,65770000.0,335029000.0,-32386000.0,105944000.0,73558000.0,-9161000.0,64397000.0,,64397000.0
561,Premier League,1773,2023/2024,2833,Wolverhampton Wanderers,https://cdn5.wyscout.com/photos/team/public/319_120x120.png,20.1,false,183774000.0,6298000.0,,,40841000.0,111439000.0,33619000.0,,375971000.0,3300000.0,397464000.0,168094000.0,31691000.0,-224579000.0,,375970000.0,17812000.0,145974000.0,29509000.0,,2171000.0,195466000.0,72283000.0,155412000.0,,44628000.0,272323000.0,-76857000.0,71094000.0,-5763000.0,-6203000.0,-11966000.0,,-11966000.0